{"stats":{"minecraft:used":{"minecraft:cooked_beef":1},"minecraft:dropped":{"minecraft:golden_chestplate":1,"minecraft:golden_helmet":1},"minecraft:mined":{"minecraft:short_grass":2},"minecraft:custom":{"minecraft:time_since_rest":8868,"minecraft:damage_dealt":23,"minecraft:damage_taken":111,"minecraft:leave_game":3,"minecraft:play_time":8868,"minecraft:sprint_one_cm":3105,"minecraft:time_since_death":8868,"minecraft:walk_one_cm":8599,"minecraft:total_world_time":8868,"minecraft:fly_one_cm":1945,"minecraft:fall_one_cm":478,"minecraft:drop":2,"minecraft:jump":21},"minecraft:picked_up":{"minecraft:golden_helmet":1,"minecraft:cooked_beef":2,"minecraft:golden_chestplate":1}},"DataVersion":3953}