{"stats":{"minecraft:mined":{"minecraft:short_grass":2},"minecraft:custom":{"minecraft:jump":21,"minecraft:time_since_rest":8270,"minecraft:damage_dealt":23,"minecraft:leave_game":2,"minecraft:play_time":8270,"minecraft:sprint_one_cm":3105,"minecraft:damage_taken":111,"minecraft:time_since_death":8270,"minecraft:walk_one_cm":8599,"minecraft:total_world_time":8270,"minecraft:drop":2,"minecraft:fall_one_cm":478,"minecraft:fly_one_cm":1945},"minecraft:used":{"minecraft:cooked_beef":1},"minecraft:dropped":{"minecraft:golden_helmet":1,"minecraft:golden_chestplate":1},"minecraft:picked_up":{"minecraft:golden_helmet":1,"minecraft:cooked_beef":2,"minecraft:golden_chestplate":1}},"DataVersion":3953}