{"stats":{"minecraft:mined":{"minecraft:cut_sandstone":8,"minecraft:stone_pressure_plate":1,"minecraft:white_bed":5,"minecraft:orange_terracotta":1,"minecraft:dandelion":1,"minecraft:torch":4,"minecraft:short_grass":46,"minecraft:grass_block":1,"minecraft:tall_grass":23,"minecraft:diorite":12,"minecraft:sandstone":9,"minecraft:blue_terracotta":1,"minecraft:birch_log":1,"minecraft:iron_ore":26,"minecraft:andesite":11,"minecraft:birch_leaves":21,"minecraft:tnt":9,"minecraft:coal_ore":23,"minecraft:oak_log":8,"minecraft:deepslate_iron_ore":20,"minecraft:gravel":1,"minecraft:dirt":2,"minecraft:stone":128,"minecraft:oak_leaves":2},"minecraft:custom":{"minecraft:interact_with_furnace":5,"minecraft:mob_kills":58,"minecraft:interact_with_crafting_table":5,"minecraft:leave_game":1,"minecraft:time_since_death":50190,"minecraft:sleep_in_bed":7,"minecraft:climb_one_cm":226,"minecraft:time_since_rest":13763,"minecraft:sprint_one_cm":277170,"minecraft:damage_taken":1201,"minecraft:walk_one_cm":230124,"minecraft:damage_blocked_by_shield":795,"minecraft:drop":37,"minecraft:damage_dealt":5161,"minecraft:swim_one_cm":3354,"minecraft:fly_one_cm":277801,"minecraft:open_chest":9,"minecraft:crouch_one_cm":306,"minecraft:play_time":81707,"minecraft:deaths":1,"minecraft:sneak_time":57,"minecraft:walk_under_water_one_cm":11678,"minecraft:jump":1472,"minecraft:walk_on_water_one_cm":22244,"minecraft:total_world_time":81707,"minecraft:fall_one_cm":29703},"minecraft:crafted":{"minecraft:oak_planks":32,"minecraft:crafting_table":1,"minecraft:furnace":1,"minecraft:birch_planks":20,"minecraft:stone_axe":1,"minecraft:cooked_mutton":9,"minecraft:stick":24,"minecraft:stone_pickaxe":11,"minecraft:stone_sword":1},"minecraft:dropped":{"minecraft:enchanted_book":1,"minecraft:wheat_seeds":6,"minecraft:feather":12,"minecraft:rotten_flesh":2,"minecraft:oak_planks":2,"minecraft:leather":4,"minecraft:stick":1,"minecraft:gray_wool":2,"minecraft:diorite":10,"minecraft:stone_pickaxe":2},"minecraft:broken":{"minecraft:stone_pickaxe":1,"minecraft:stone_sword":1},"minecraft:picked_up":{"minecraft:birch_log":5,"minecraft:crafting_table":2,"minecraft:feather":14,"minecraft:chicken":13,"minecraft:water_bucket":1,"minecraft:andesite":12,"minecraft:cut_sandstone":8,"minecraft:leather":8,"minecraft:wooden_pickaxe":1,"minecraft:birch_planks":20,"minecraft:oak_log":8,"minecraft:shield":2,"minecraft:dirt":3,"minecraft:orange_terracotta":1,"minecraft:cooked_mutton":5,"minecraft:bone":6,"minecraft:wheat_seeds":8,"minecraft:cobbled_deepslate":1,"minecraft:bucket":1,"minecraft:beef":23,"minecraft:stone_pickaxe":10,"minecraft:light_gray_wool":1,"minecraft:oak_planks":2,"minecraft:stick":2,"minecraft:raw_iron":60,"minecraft:sandstone":9,"minecraft:torch":8,"minecraft:dandelion":1,"minecraft:porkchop":41,"minecraft:diorite":10,"minecraft:white_bed":7,"minecraft:carrot":5,"minecraft:stone_pressure_plate":1,"minecraft:tnt":9,"minecraft:blue_terracotta":1,"minecraft:stone_sword":1,"minecraft:arrow":3,"minecraft:rotten_flesh":2,"minecraft:stone_axe":1,"minecraft:gray_wool":3,"minecraft:mutton":33,"minecraft:coal":44,"minecraft:white_wool":13,"minecraft:cobblestone":195},"minecraft:killed_by":{"minecraft:zombie":1},"minecraft:killed":{"minecraft:pig":18,"minecraft:skeleton":2,"minecraft:sheep":16,"minecraft:zombie":2,"minecraft:chicken":9,"minecraft:cow":11},"minecraft:used":{"minecraft:cooked_mutton":11,"minecraft:stone_sword":189,"minecraft:stone_pickaxe":263,"minecraft:shield":15,"minecraft:torch":5,"minecraft:dirt":1,"minecraft:crafting_table":2,"minecraft:carrot":5,"minecraft:white_bed":5,"minecraft:chicken":4,"minecraft:stone_axe":21,"minecraft:cobblestone":21,"minecraft:furnace":1,"minecraft:porkchop":17,"minecraft:andesite":1,"minecraft:bucket":1,"minecraft:cobbled_deepslate":1,"minecraft:dandelion":1}},"DataVersion":3953}