{"stats":{"minecraft:mined":{"minecraft:large_amethyst_bud":1,"minecraft:white_bed":7,"minecraft:deepslate_diamond_ore":13,"minecraft:amethyst_cluster":6,"minecraft:crafting_table":7,"minecraft:granite":13,"minecraft:short_grass":10,"minecraft:grass_block":5,"minecraft:calcite":2,"minecraft:tall_grass":1,"minecraft:sugar_cane":2,"minecraft:diorite":15,"minecraft:amethyst_block":4,"minecraft:hay_block":15,"minecraft:furnace":6,"minecraft:birch_log":19,"minecraft:iron_ore":18,"minecraft:birch_leaves":1,"minecraft:coal_ore":70,"minecraft:deepslate_iron_ore":22,"minecraft:dirt":11,"minecraft:smooth_basalt":2,"minecraft:stone":62,"minecraft:oak_leaves":1,"minecraft:deepslate":4},"minecraft:custom":{"minecraft:interact_with_furnace":22,"minecraft:mob_kills":46,"minecraft:interact_with_crafting_table":19,"minecraft:leave_game":6,"minecraft:time_since_death":4361,"minecraft:sleep_in_bed":7,"minecraft:climb_one_cm":2856,"minecraft:time_since_rest":2223,"minecraft:sprint_one_cm":160231,"minecraft:damage_taken":2273,"minecraft:walk_one_cm":280145,"minecraft:damage_blocked_by_shield":1806,"minecraft:drop":36,"minecraft:damage_dealt":5539,"minecraft:swim_one_cm":40542,"minecraft:fly_one_cm":132679,"minecraft:open_chest":9,"minecraft:crouch_one_cm":1699,"minecraft:sneak_time":701,"minecraft:play_time":110029,"minecraft:deaths":3,"minecraft:walk_under_water_one_cm":13003,"minecraft:jump":1378,"minecraft:walk_on_water_one_cm":21714,"minecraft:total_world_time":110029,"minecraft:fall_one_cm":31062},"minecraft:crafted":{"minecraft:cooked_porkchop":5,"minecraft:crafting_table":2,"minecraft:wooden_pickaxe":1,"minecraft:furnace":1,"minecraft:bucket":2,"minecraft:birch_planks":60,"minecraft:stone_axe":1,"minecraft:bread":43,"minecraft:cooked_mutton":13,"minecraft:air":0,"minecraft:iron_chestplate":1,"minecraft:shield":2,"minecraft:stick":36,"minecraft:iron_ingot":20,"minecraft:iron_pickaxe":1,"minecraft:stone_pickaxe":1,"minecraft:stone_sword":1,"minecraft:chest":3,"minecraft:white_bed":2,"minecraft:torch":96,"minecraft:stone_hoe":1,"minecraft:wheat":135},"minecraft:dropped":{"minecraft:wheat_seeds":1,"minecraft:crafting_table":1,"minecraft:cobblestone":3,"minecraft:rotten_flesh":10,"minecraft:cooked_mutton":2,"minecraft:white_bed":1,"minecraft:carrot":5,"minecraft:dirt":2,"minecraft:shield":1,"minecraft:diorite":10,"minecraft:torch":5,"minecraft:mutton":9,"minecraft:spider_eye":1,"minecraft:wooden_pickaxe":1,"minecraft:stone_pickaxe":1,"minecraft:sugar":3,"minecraft:calcite":2,"minecraft:string":1,"minecraft:bucket":1,"minecraft:smooth_basalt":2},"minecraft:picked_up":{"minecraft:birch_log":15,"minecraft:iron_chestplate":2,"minecraft:crafting_table":6,"minecraft:wheat":18,"minecraft:water_bucket":2,"minecraft:leather":3,"minecraft:sentry_armor_trim_smithing_template":6,"minecraft:golden_leggings":1,"minecraft:birch_planks":45,"minecraft:enchanted_book":5,"minecraft:golden_boots":1,"minecraft:shield":3,"minecraft:amethyst_block":8,"minecraft:string":1,"minecraft:dirt":18,"minecraft:cooked_mutton":10,"minecraft:bone":5,"minecraft:experience_bottle":4,"minecraft:wheat_seeds":1,"minecraft:cobbled_deepslate":17,"minecraft:bucket":1,"minecraft:iron_ingot":5,"minecraft:beef":26,"minecraft:stone_pickaxe":4,"minecraft:calcite":4,"minecraft:iron_pickaxe":3,"minecraft:stone_hoe":1,"minecraft:sugar_cane":18,"minecraft:birch_sapling":1,"minecraft:oak_planks":34,"minecraft:furnace":10,"minecraft:golden_helmet":1,"minecraft:stick":5,"minecraft:raw_iron":95,"minecraft:smooth_basalt":4,"minecraft:torch":32,"minecraft:porkchop":5,"minecraft:amethyst_shard":72,"minecraft:diorite":20,"minecraft:white_bed":9,"minecraft:carrot":5,"minecraft:redstone":12,"minecraft:golden_chestplate":1,"minecraft:spider_eye":2,"minecraft:stone_sword":3,"minecraft:arrow":15,"minecraft:rotten_flesh":18,"minecraft:sugar":3,"minecraft:diamond":47,"minecraft:stone_axe":3,"minecraft:hay_block":15,"minecraft:granite":13,"minecraft:gray_wool":1,"minecraft:bread":36,"minecraft:golden_horse_armor":1,"minecraft:mutton":46,"minecraft:coal":286,"minecraft:white_wool":47,"minecraft:cobblestone":119},"minecraft:killed_by":{"minecraft:skeleton":1,"minecraft:zombie":1},"minecraft:killed":{"minecraft:pig":3,"minecraft:witch":1,"minecraft:spider":3,"minecraft:skeleton":3,"minecraft:sheep":21,"minecraft:pillager":4,"minecraft:zombie":7,"minecraft:cow":4},"minecraft:used":{"minecraft:golden_boots":1,"minecraft:cooked_mutton":11,"minecraft:water_bucket":10,"minecraft:diorite":10,"minecraft:stone_sword":116,"minecraft:stone_pickaxe":107,"minecraft:chest":3,"minecraft:wooden_pickaxe":15,"minecraft:shield":25,"minecraft:stone_hoe":16,"minecraft:torch":90,"minecraft:dirt":6,"minecraft:mutton":4,"minecraft:crafting_table":7,"minecraft:white_bed":8,"minecraft:granite":13,"minecraft:bread":7,"minecraft:birch_sapling":1,"minecraft:iron_pickaxe":120,"minecraft:golden_leggings":1,"minecraft:golden_helmet":1,"minecraft:stone_axe":24,"minecraft:beef":1,"minecraft:furnace":7,"minecraft:cooked_porkchop":5,"minecraft:bucket":11,"minecraft:cobbled_deepslate":1,"minecraft:gray_wool":1,"minecraft:experience_bottle":2}},"DataVersion":3953}