{"stats":{"minecraft:picked_up":{"chococraft:gysahl_green_seeds":2,"chococraft:gysahl_green":5},"minecraft:dropped":{"chococraft:gysahl_green":5},"minecraft:mined":{"chococraft:gysahl_green":2,"minecraft:oak_leaves":1},"minecraft:custom":{"minecraft:jump":38,"minecraft:time_since_rest":7086,"minecraft:leave_game":1,"minecraft:crouch_one_cm":75,"minecraft:sprint_one_cm":2161,"minecraft:play_time":7086,"minecraft:time_since_death":7086,"minecraft:walk_one_cm":7163,"minecraft:sneak_time":17,"minecraft:total_world_time":7086,"minecraft:fall_one_cm":476,"minecraft:drop":5,"minecraft:fly_one_cm":2465}},"DataVersion":3953}