{"stats":{"minecraft:used":{"minecraft:birch_log":2,"minecraft:dirt":1,"minecraft:gravel":1},"minecraft:custom":{"minecraft:leave_game":2,"minecraft:play_time":12969,"minecraft:sprint_one_cm":1703,"minecraft:damage_taken":10,"minecraft:time_since_death":12969,"minecraft:walk_one_cm":5522,"minecraft:sneak_time":5,"minecraft:total_world_time":12969,"minecraft:fall_one_cm":962,"minecraft:fly_one_cm":2958,"minecraft:time_since_rest":12969,"minecraft:jump":16},"minecraft:mined":{"minecraft:birch_log":2,"minecraft:short_grass":2,"minecraft:grass_block":1,"minecraft:gravel":1},"minecraft:picked_up":{"minecraft:gravel":1,"minecraft:birch_log":2,"minecraft:dirt":1}},"DataVersion":3953}