{"stats":{"minecraft:custom":{"minecraft:mob_kills":19,"minecraft:interact_with_crafting_table":4,"minecraft:leave_game":9,"minecraft:time_since_death":68297,"minecraft:sleep_in_bed":2,"minecraft:climb_one_cm":834,"minecraft:time_since_rest":15701,"minecraft:sprint_one_cm":115771,"minecraft:damage_taken":388,"minecraft:walk_one_cm":91018,"minecraft:damage_blocked_by_shield":60,"minecraft:drop":35,"minecraft:damage_dealt":2609,"minecraft:swim_one_cm":3619,"minecraft:fly_one_cm":178770,"minecraft:crouch_one_cm":843,"minecraft:play_time":68297,"minecraft:sneak_time":381,"minecraft:walk_under_water_one_cm":1941,"minecraft:jump":798,"minecraft:walk_on_water_one_cm":3015,"minecraft:total_world_time":68297,"minecraft:fall_one_cm":20243},"minecraft:mined":{"minecraft:acacia_leaves":8,"minecraft:white_bed":2,"minecraft:crafting_table":1,"minecraft:granite":1,"minecraft:short_grass":14,"minecraft:lapis_ore":4,"minecraft:sugar_cane":6,"minecraft:iron_ore":28,"minecraft:moss_carpet":1,"chococraft:gysahl_green":50,"minecraft:oak_log":11,"minecraft:coal_ore":15,"minecraft:stone":1,"minecraft:fern":3},"minecraft:killed":{"minecraft:spider":5,"minecraft:pillager":3,"minecraft:zombie":4,"minecraft:cow":7},"minecraft:dropped":{"minecraft:enchanted_book":1,"minecraft:water_bucket":1,"minecraft:iron_sword":1,"minecraft:wheat_seeds":6,"minecraft:cooked_porkchop":64,"minecraft:iron_helmet":1,"minecraft:iron_boots":1,"chococraft:chocopedia":1,"minecraft:cooked_mutton":64,"minecraft:white_bed":1,"minecraft:shield":1,"minecraft:iron_chestplate":1,"minecraft:iron_leggings":1,"minecraft:spider_eye":2,"chococraft:chocobo_saddle":2,"minecraft:iron_axe":1,"minecraft:stone_pickaxe":11,"minecraft:iron_pickaxe":1,"chococraft:gysahl_green":26},"minecraft:crafted":{"minecraft:oak_planks":44,"minecraft:crafting_table":2,"chococraft:chocopedia":1,"minecraft:book":1,"minecraft:paper":12,"chococraft:chocobo_saddle":2},"minecraft:used":{"minecraft:cooked_mutton":10,"minecraft:water_bucket":4,"minecraft:shield":1,"minecraft:iron_sword":50,"minecraft:torch":27,"minecraft:crafting_table":3,"minecraft:white_bed":3,"minecraft:iron_axe":15,"minecraft:iron_pickaxe":50,"minecraft:cobblestone":1,"minecraft:bucket":4},"minecraft:picked_up":{"chococraft:loverly_gysahl_green":7,"minecraft:crafting_table":1,"minecraft:ominous_bottle":1,"minecraft:leather":7,"minecraft:enchanted_book":1,"minecraft:oak_log":11,"minecraft:lapis_lazuli":27,"minecraft:string":4,"minecraft:white_banner":1,"chococraft:chocobo_feather":3,"chococraft:gysahl_green":134,"chococraft:gold_gysahl":1,"minecraft:wheat_seeds":7,"minecraft:beef":12,"minecraft:sugar_cane":14,"minecraft:raw_iron":28,"chococraft:gysahl_green_seeds":52,"minecraft:white_bed":3,"minecraft:spider_eye":2,"minecraft:rotten_flesh":6,"minecraft:coal":15,"minecraft:cobblestone":1}},"DataVersion":3953}