{"stats":{"minecraft:used":{"minecraft:water_bucket":1,"minecraft:stone_sword":23,"minecraft:flint_and_steel":167,"minecraft:stone_pickaxe":162,"minecraft:oak_planks":31,"minecraft:shield":3,"minecraft:chest":4,"minecraft:spruce_planks":402,"minecraft:wooden_pickaxe":3,"minecraft:iron_sword":14,"minecraft:spruce_fence_gate":2,"minecraft:golden_apple":1,"minecraft:torch":10,"minecraft:dirt":15,"minecraft:crafting_table":3,"minecraft:axolotl_bucket":1,"minecraft:spruce_fence":150,"minecraft:spruce_log":97,"minecraft:smoker":1,"minecraft:stripped_spruce_log":229,"minecraft:grass_block":152,"minecraft:iron_pickaxe":5,"minecraft:gravel":1,"minecraft:stone_axe":46,"minecraft:fire_charge":1,"minecraft:cobblestone":16,"minecraft:oak_sapling":1,"minecraft:goat_horn":2,"minecraft:furnace":3,"minecraft:bucket":3,"minecraft:birch_log":2,"minecraft:yellow_bed":8,"minecraft:cooked_beef":12},"minecraft:dropped":{"minecraft:water_bucket":1,"minecraft:furnace":1,"minecraft:iron_sword":2,"minecraft:moss_carpet":1,"minecraft:moss_block":1,"minecraft:porkchop":10,"minecraft:wheat_seeds":4,"minecraft:cooked_beef":2,"minecraft:iron_helmet":2,"minecraft:oak_planks":3,"minecraft:iron_boots":2,"minecraft:flint_and_steel":1,"minecraft:spruce_fence_gate":1,"minecraft:dirt":4,"minecraft:shield":2,"minecraft:iron_chestplate":2,"minecraft:iron_leggings":2,"minecraft:stone_pickaxe":1,"minecraft:wooden_pickaxe":1,"minecraft:iron_pickaxe":2,"minecraft:bone":2},"minecraft:killed_by":{"minecraft:zombie":1},"minecraft:mined":{"minecraft:dark_oak_leaves":1,"minecraft:deepslate_diamond_ore":3,"minecraft:smoker":1,"minecraft:powder_snow":1,"minecraft:crafting_table":3,"minecraft:short_grass":5,"minecraft:grass_block":3,"minecraft:tall_grass":1,"minecraft:oak_planks":2,"minecraft:moss_block":1,"minecraft:furnace":2,"minecraft:birch_log":2,"minecraft:iron_ore":33,"minecraft:fire":1,"minecraft:birch_leaves":2,"minecraft:moss_carpet":1,"minecraft:yellow_bed":3,"minecraft:gold_block":1,"minecraft:oak_log":36,"minecraft:coal_ore":103,"minecraft:dirt":1,"minecraft:gravel":1,"minecraft:stone":26,"minecraft:small_dripleaf":1,"minecraft:oak_leaves":3},"minecraft:killed":{"minecraft:pig":4,"minecraft:skeleton":3,"minecraft:zombie":7,"minecraft:cow":4},"minecraft:custom":{"minecraft:interact_with_furnace":11,"minecraft:mob_kills":18,"minecraft:interact_with_crafting_table":10,"minecraft:leave_game":10,"minecraft:time_since_death":6948,"minecraft:sleep_in_bed":4,"minecraft:climb_one_cm":191,"minecraft:time_since_rest":6977,"minecraft:sprint_one_cm":119981,"minecraft:damage_absorbed":10,"minecraft:damage_taken":2019,"minecraft:walk_one_cm":136638,"minecraft:damage_blocked_by_shield":85,"minecraft:drop":32,"minecraft:damage_dealt":2470,"minecraft:swim_one_cm":17357,"minecraft:fly_one_cm":310522,"minecraft:talked_to_villager":5,"minecraft:open_chest":9,"minecraft:play_time":146422,"minecraft:crouch_one_cm":13266,"minecraft:deaths":5,"minecraft:sneak_time":6383,"minecraft:walk_under_water_one_cm":23947,"minecraft:jump":1025,"minecraft:walk_on_water_one_cm":12124,"minecraft:total_world_time":146422,"minecraft:interact_with_smoker":7,"minecraft:fall_one_cm":33243},"minecraft:crafted":{"minecraft:cooked_beef":11,"minecraft:oak_planks":48,"minecraft:crafting_table":1,"minecraft:iron_helmet":1,"minecraft:furnace":3,"minecraft:bucket":1,"minecraft:stone_axe":1,"minecraft:air":0,"minecraft:iron_boots":1,"minecraft:iron_chestplate":1,"minecraft:shield":1,"minecraft:stick":8,"minecraft:iron_ingot":33,"minecraft:iron_pickaxe":1,"minecraft:stone_pickaxe":2,"minecraft:stone_sword":1,"minecraft:iron_leggings":1,"minecraft:smoker":1},"minecraft:picked_up":{"minecraft:birch_log":2,"minecraft:crafting_table":7,"minecraft:iron_chestplate":6,"minecraft:clock":1,"minecraft:cooked_beef":270,"minecraft:golden_carrot":10,"minecraft:water_bucket":1,"minecraft:leather":15,"minecraft:wooden_pickaxe":1,"minecraft:smoker":5,"minecraft:gold_block":6,"minecraft:oak_log":120,"minecraft:yellow_bed":7,"minecraft:shield":6,"minecraft:dirt":19,"minecraft:moss_carpet":1,"minecraft:iron_axe":1,"minecraft:flint_and_steel":3,"minecraft:iron_leggings":8,"minecraft:bone":10,"minecraft:wheat_seeds":4,"minecraft:spruce_planks":2,"minecraft:iron_ingot":8,"minecraft:beef":49,"minecraft:iron_pickaxe":6,"minecraft:moss_block":1,"minecraft:iron_sword":3,"minecraft:oak_planks":11,"minecraft:iron_boots":6,"minecraft:furnace":7,"minecraft:raw_iron":33,"minecraft:stick":1,"minecraft:fire_charge":1,"minecraft:torch":2,"minecraft:axolotl_bucket":4,"minecraft:gravel":1,"minecraft:spruce_fence":2,"minecraft:porkchop":10,"minecraft:stripped_spruce_log":2,"minecraft:spruce_log":2,"minecraft:goat_horn":2,"minecraft:stone_sword":2,"minecraft:spruce_fence_gate":3,"minecraft:arrow":8,"minecraft:rotten_flesh":18,"minecraft:diamond":3,"minecraft:stone_axe":3,"minecraft:iron_helmet":6,"minecraft:golden_apple":2,"minecraft:saddle":2,"minecraft:golden_horse_armor":2,"minecraft:oak_sapling":1,"minecraft:obsidian":1,"minecraft:coal":515,"minecraft:cobblestone":90},"minecraft:broken":{"minecraft:stone_pickaxe":1}},"DataVersion":3953}