{"stats":{"minecraft:used":{"minecraft:water_bucket":1,"minecraft:stone_sword":23,"minecraft:flint_and_steel":167,"minecraft:stone_pickaxe":162,"minecraft:oak_planks":29,"minecraft:chest":4,"minecraft:spruce_planks":402,"minecraft:wooden_pickaxe":3,"minecraft:iron_sword":5,"minecraft:spruce_fence_gate":2,"minecraft:torch":9,"minecraft:dirt":12,"minecraft:crafting_table":3,"minecraft:spruce_fence":150,"minecraft:spruce_log":97,"minecraft:smoker":1,"minecraft:stripped_spruce_log":229,"minecraft:grass_block":152,"minecraft:iron_pickaxe":2,"minecraft:gravel":1,"minecraft:stone_axe":46,"minecraft:cobblestone":16,"minecraft:oak_sapling":1,"minecraft:goat_horn":2,"minecraft:furnace":3,"minecraft:bucket":2,"minecraft:birch_log":2,"minecraft:yellow_bed":6,"minecraft:cooked_beef":10},"minecraft:dropped":{"minecraft:water_bucket":1,"minecraft:iron_sword":2,"minecraft:moss_carpet":1,"minecraft:moss_block":1,"minecraft:porkchop":10,"minecraft:cooked_beef":2,"minecraft:iron_helmet":2,"minecraft:iron_boots":2,"minecraft:spruce_fence_gate":1,"minecraft:shield":2,"minecraft:iron_chestplate":2,"minecraft:iron_leggings":2,"minecraft:stone_pickaxe":1,"minecraft:wooden_pickaxe":1,"minecraft:iron_pickaxe":2},"minecraft:killed_by":{"minecraft:zombie":1},"minecraft:mined":{"minecraft:dark_oak_leaves":1,"minecraft:smoker":1,"minecraft:powder_snow":1,"minecraft:crafting_table":3,"minecraft:short_grass":2,"minecraft:grass_block":1,"minecraft:tall_grass":1,"minecraft:moss_block":1,"minecraft:oak_planks":2,"minecraft:furnace":2,"minecraft:birch_log":2,"minecraft:iron_ore":33,"minecraft:birch_leaves":1,"minecraft:moss_carpet":1,"minecraft:yellow_bed":1,"minecraft:gold_block":1,"minecraft:oak_log":36,"minecraft:coal_ore":103,"minecraft:gravel":1,"minecraft:stone":26,"minecraft:small_dripleaf":1,"minecraft:oak_leaves":3},"minecraft:killed":{"minecraft:pig":4,"minecraft:skeleton":1,"minecraft:zombie":6,"minecraft:cow":4},"minecraft:custom":{"minecraft:interact_with_furnace":11,"minecraft:mob_kills":15,"minecraft:interact_with_crafting_table":10,"minecraft:leave_game":8,"minecraft:time_since_death":22741,"minecraft:sleep_in_bed":4,"minecraft:climb_one_cm":191,"minecraft:time_since_rest":1674,"minecraft:sprint_one_cm":110452,"minecraft:damage_taken":1059,"minecraft:walk_one_cm":126072,"minecraft:drop":23,"minecraft:damage_dealt":1982,"minecraft:talked_to_villager":5,"minecraft:swim_one_cm":14064,"minecraft:fly_one_cm":289295,"minecraft:open_chest":9,"minecraft:play_time":130109,"minecraft:crouch_one_cm":12800,"minecraft:deaths":4,"minecraft:sneak_time":6064,"minecraft:walk_under_water_one_cm":18779,"minecraft:jump":926,"minecraft:walk_on_water_one_cm":5080,"minecraft:total_world_time":130109,"minecraft:interact_with_smoker":7,"minecraft:fall_one_cm":23587},"minecraft:crafted":{"minecraft:cooked_beef":11,"minecraft:oak_planks":44,"minecraft:crafting_table":1,"minecraft:iron_helmet":1,"minecraft:furnace":3,"minecraft:bucket":1,"minecraft:stone_axe":1,"minecraft:air":0,"minecraft:iron_boots":1,"minecraft:iron_chestplate":1,"minecraft:shield":1,"minecraft:stick":8,"minecraft:iron_ingot":33,"minecraft:iron_pickaxe":1,"minecraft:stone_pickaxe":2,"minecraft:stone_sword":1,"minecraft:iron_leggings":1,"minecraft:smoker":1},"minecraft:picked_up":{"minecraft:birch_log":2,"minecraft:crafting_table":6,"minecraft:iron_chestplate":5,"minecraft:cooked_beef":207,"minecraft:water_bucket":1,"minecraft:leather":12,"minecraft:wooden_pickaxe":1,"minecraft:smoker":4,"minecraft:gold_block":1,"minecraft:oak_log":99,"minecraft:yellow_bed":5,"minecraft:shield":5,"minecraft:dirt":16,"minecraft:moss_carpet":1,"minecraft:flint_and_steel":1,"minecraft:iron_leggings":6,"minecraft:bone":8,"minecraft:spruce_planks":2,"minecraft:iron_ingot":6,"minecraft:beef":11,"minecraft:iron_pickaxe":5,"minecraft:moss_block":1,"minecraft:iron_sword":2,"minecraft:oak_planks":11,"minecraft:iron_boots":5,"minecraft:furnace":5,"minecraft:raw_iron":33,"minecraft:stick":1,"minecraft:torch":1,"minecraft:axolotl_bucket":3,"minecraft:gravel":1,"minecraft:spruce_fence":2,"minecraft:porkchop":10,"minecraft:stripped_spruce_log":2,"minecraft:spruce_log":2,"minecraft:goat_horn":1,"minecraft:stone_sword":2,"minecraft:spruce_fence_gate":3,"minecraft:arrow":6,"minecraft:rotten_flesh":18,"minecraft:stone_axe":3,"minecraft:iron_helmet":5,"minecraft:golden_apple":1,"minecraft:saddle":1,"minecraft:oak_sapling":1,"minecraft:coal":451,"minecraft:cobblestone":90},"minecraft:broken":{"minecraft:stone_pickaxe":1}},"DataVersion":3953}