{"stats":{"minecraft:custom":{"minecraft:leave_game":3,"minecraft:play_time":13972,"minecraft:sprint_one_cm":1703,"minecraft:damage_taken":10,"minecraft:time_since_death":13972,"minecraft:walk_one_cm":6100,"minecraft:sneak_time":5,"minecraft:total_world_time":13972,"minecraft:fall_one_cm":962,"minecraft:fly_one_cm":2958,"minecraft:time_since_rest":13972,"minecraft:jump":16},"minecraft:mined":{"minecraft:birch_log":2,"minecraft:short_grass":2,"minecraft:grass_block":1,"minecraft:gravel":1},"minecraft:used":{"minecraft:birch_log":2,"minecraft:dirt":1,"minecraft:gravel":1},"minecraft:picked_up":{"minecraft:gravel":1,"minecraft:birch_log":2,"minecraft:dirt":1}},"DataVersion":3953}