{"stats":{"minecraft:picked_up":{"minecraft:dirt":1,"minecraft:birch_log":1,"minecraft:gravel":1},"minecraft:custom":{"minecraft:jump":9,"minecraft:time_since_rest":11110,"minecraft:sprint_one_cm":1409,"minecraft:play_time":11110,"minecraft:damage_taken":10,"minecraft:time_since_death":11110,"minecraft:walk_one_cm":4105,"minecraft:sneak_time":5,"minecraft:total_world_time":11110,"minecraft:fall_one_cm":753,"minecraft:fly_one_cm":1952},"minecraft:used":{"minecraft:birch_log":1,"minecraft:dirt":1,"minecraft:gravel":1},"minecraft:mined":{"minecraft:birch_log":1,"minecraft:short_grass":2,"minecraft:grass_block":1,"minecraft:gravel":1}},"DataVersion":3953}