{"stats":{"minecraft:custom":{"minecraft:mob_kills":21,"minecraft:interact_with_crafting_table":9,"minecraft:bell_ring":4,"minecraft:leave_game":10,"minecraft:time_since_death":87646,"minecraft:sleep_in_bed":3,"minecraft:climb_one_cm":1216,"minecraft:time_since_rest":11541,"minecraft:sprint_one_cm":147131,"minecraft:damage_taken":428,"minecraft:walk_one_cm":131321,"minecraft:damage_blocked_by_shield":60,"minecraft:trigger_trapped_chest":1,"minecraft:drop":48,"minecraft:damage_dealt":3959,"minecraft:swim_one_cm":3619,"minecraft:fly_one_cm":228738,"minecraft:open_chest":9,"minecraft:crouch_one_cm":901,"minecraft:play_time":87646,"minecraft:sneak_time":393,"minecraft:walk_under_water_one_cm":2836,"minecraft:boat_one_cm":41208,"minecraft:jump":1082,"minecraft:walk_on_water_one_cm":6067,"minecraft:total_world_time":87646,"minecraft:fall_one_cm":28755},"minecraft:mined":{"minecraft:acacia_leaves":8,"minecraft:white_bed":4,"minecraft:crafting_table":1,"minecraft:granite":1,"minecraft:short_grass":14,"minecraft:lapis_ore":4,"minecraft:oak_planks":3,"minecraft:sugar_cane":6,"minecraft:lime_bed":1,"minecraft:iron_ore":28,"minecraft:moss_carpet":1,"minecraft:bookshelf":13,"chococraft:gysahl_green":50,"minecraft:oak_log":11,"minecraft:coal_ore":15,"minecraft:sand":3,"minecraft:tripwire_hook":2,"minecraft:stone":1,"minecraft:tripwire":3,"minecraft:fern":3},"minecraft:killed":{"minecraft:iron_golem":1,"minecraft:spider":5,"minecraft:pillager":3,"minecraft:zombie":4,"chococraft:chocobo":1,"minecraft:cow":7},"minecraft:dropped":{"minecraft:enchanted_book":1,"minecraft:water_bucket":1,"minecraft:iron_sword":1,"minecraft:goat_horn":1,"minecraft:wheat_seeds":6,"minecraft:cooked_porkchop":64,"minecraft:iron_helmet":1,"minecraft:oak_planks":46,"minecraft:iron_boots":1,"chococraft:chocopedia":1,"minecraft:cooked_mutton":64,"minecraft:white_bed":1,"minecraft:carrot":4,"minecraft:shield":1,"minecraft:iron_chestplate":1,"chococraft:chocobo_drumstick_raw":3,"minecraft:oak_boat":6,"minecraft:iron_leggings":1,"minecraft:spider_eye":2,"chococraft:chocobo_saddle":2,"minecraft:iron_axe":1,"minecraft:stone_pickaxe":11,"minecraft:iron_pickaxe":1,"chococraft:gysahl_green":26},"minecraft:crafted":{"minecraft:oak_planks":44,"minecraft:crafting_table":4,"chococraft:chocopedia":1,"minecraft:oak_boat":1,"minecraft:book":1,"minecraft:paper":12,"minecraft:chest":2,"chococraft:chocobo_saddle":2},"minecraft:used":{"minecraft:cooked_mutton":11,"minecraft:water_bucket":6,"minecraft:sandstone_stairs":2,"minecraft:oak_planks":3,"minecraft:chest":2,"minecraft:shield":1,"minecraft:iron_sword":67,"minecraft:torch":28,"minecraft:sand":2,"minecraft:lime_bed":1,"minecraft:crafting_table":5,"minecraft:crossbow":1,"minecraft:white_bed":5,"minecraft:iron_axe":31,"minecraft:string":3,"minecraft:iron_pickaxe":50,"minecraft:tripwire_hook":2,"minecraft:cobblestone":1,"minecraft:goat_horn":4,"minecraft:bucket":6,"minecraft:oak_boat":2,"minecraft:experience_bottle":3},"minecraft:picked_up":{"minecraft:lime_bed":1,"chococraft:loverly_gysahl_green":7,"minecraft:crafting_table":1,"minecraft:dune_armor_trim_smithing_template":2,"minecraft:ominous_bottle":1,"minecraft:tripwire_hook":5,"minecraft:leather":7,"minecraft:enchanted_book":1,"minecraft:oak_log":11,"minecraft:lapis_lazuli":27,"minecraft:string":7,"minecraft:white_banner":1,"chococraft:chocobo_feather":3,"chococraft:gysahl_green":134,"chococraft:gold_gysahl":1,"minecraft:wheat_seeds":7,"minecraft:iron_ingot":4,"minecraft:beef":12,"minecraft:oak_boat":8,"minecraft:sugar_cane":14,"minecraft:oak_planks":49,"minecraft:book":39,"minecraft:raw_iron":28,"minecraft:sand":2,"chococraft:gysahl_green_seeds":52,"minecraft:white_bed":5,"minecraft:carrot":4,"minecraft:spider_eye":2,"minecraft:goat_horn":1,"minecraft:smooth_sandstone_slab":1,"minecraft:rotten_flesh":6,"minecraft:sandstone_stairs":2,"minecraft:golden_apple":1,"chococraft:chocobo_drumstick_raw":4,"minecraft:coal":15,"minecraft:cobblestone":1}},"DataVersion":3953}