{"stats":{"minecraft:mined":{"minecraft:acacia_leaves":8,"minecraft:white_bed":1,"minecraft:iron_ore":23,"minecraft:moss_carpet":1,"minecraft:crafting_table":1,"minecraft:granite":1,"minecraft:short_grass":14,"minecraft:coal_ore":11,"chococraft:gysahl_green":50,"minecraft:oak_log":11,"minecraft:stone":1,"minecraft:sugar_cane":6,"minecraft:fern":3},"minecraft:custom":{"minecraft:time_since_rest":3701,"minecraft:damage_taken":374,"minecraft:sprint_one_cm":88110,"minecraft:walk_one_cm":79779,"minecraft:damage_blocked_by_shield":60,"minecraft:mob_kills":18,"minecraft:drop":32,"minecraft:damage_dealt":2449,"minecraft:swim_one_cm":3619,"minecraft:interact_with_crafting_table":3,"minecraft:fly_one_cm":130851,"minecraft:play_time":56297,"minecraft:crouch_one_cm":628,"minecraft:sneak_time":197,"minecraft:walk_under_water_one_cm":1246,"minecraft:jump":552,"minecraft:leave_game":9,"minecraft:time_since_death":56297,"minecraft:walk_on_water_one_cm":2540,"minecraft:total_world_time":56297,"minecraft:sleep_in_bed":2,"minecraft:climb_one_cm":834,"minecraft:fall_one_cm":15111},"minecraft:killed":{"minecraft:pillager":3,"minecraft:zombie":4,"minecraft:spider":4,"minecraft:cow":7},"minecraft:dropped":{"minecraft:water_bucket":1,"minecraft:enchanted_book":1,"minecraft:iron_sword":1,"minecraft:shield":1,"minecraft:wheat_seeds":6,"minecraft:iron_chestplate":1,"minecraft:cooked_porkchop":64,"minecraft:iron_helmet":1,"minecraft:iron_leggings":1,"minecraft:iron_boots":1,"chococraft:chocopedia":1,"minecraft:iron_axe":1,"minecraft:stone_pickaxe":11,"minecraft:iron_pickaxe":1,"minecraft:cooked_mutton":64,"minecraft:white_bed":1,"chococraft:gysahl_green":26},"minecraft:crafted":{"minecraft:oak_planks":44,"minecraft:book":1,"minecraft:paper":12,"minecraft:crafting_table":2,"chococraft:chocobo_saddle":1,"chococraft:chocopedia":1},"minecraft:used":{"minecraft:cooked_mutton":7,"minecraft:water_bucket":2,"minecraft:iron_axe":15,"minecraft:iron_pickaxe":37,"minecraft:shield":1,"minecraft:iron_sword":47,"minecraft:torch":23,"minecraft:cobblestone":1,"minecraft:crafting_table":3,"minecraft:bucket":2,"minecraft:white_bed":3},"minecraft:picked_up":{"minecraft:raw_iron":23,"minecraft:crafting_table":1,"chococraft:loverly_gysahl_green":7,"minecraft:ominous_bottle":1,"minecraft:leather":7,"minecraft:enchanted_book":1,"minecraft:oak_log":11,"chococraft:gysahl_green_seeds":52,"minecraft:white_bed":2,"minecraft:spider_eye":1,"minecraft:string":4,"minecraft:white_banner":1,"chococraft:chocobo_feather":2,"chococraft:gysahl_green":134,"minecraft:rotten_flesh":6,"chococraft:gold_gysahl":1,"minecraft:wheat_seeds":6,"minecraft:beef":12,"minecraft:sugar_cane":14,"minecraft:coal":11,"minecraft:cobblestone":1}},"DataVersion":3953}