{"stats":{"minecraft:mined":{"minecraft:acacia_leaves":8,"minecraft:white_bed":1,"minecraft:short_grass":4,"chococraft:gysahl_green":29,"minecraft:coal_ore":3,"minecraft:sugar_cane":6,"minecraft:fern":2},"minecraft:custom":{"minecraft:time_since_rest":4073,"minecraft:damage_taken":82,"minecraft:sprint_one_cm":29664,"minecraft:walk_one_cm":33798,"minecraft:damage_blocked_by_shield":60,"minecraft:mob_kills":3,"minecraft:drop":28,"minecraft:damage_dealt":306,"minecraft:swim_one_cm":3619,"minecraft:fly_one_cm":69394,"minecraft:crouch_one_cm":337,"minecraft:play_time":38703,"minecraft:sneak_time":74,"minecraft:walk_under_water_one_cm":1246,"minecraft:jump":186,"minecraft:leave_game":8,"minecraft:walk_on_water_one_cm":1543,"minecraft:time_since_death":38703,"minecraft:sleep_in_bed":1,"minecraft:total_world_time":38703,"minecraft:climb_one_cm":590,"minecraft:fall_one_cm":3259},"minecraft:killed":{"minecraft:pillager":3},"minecraft:dropped":{"minecraft:enchanted_book":1,"minecraft:water_bucket":1,"minecraft:iron_sword":1,"minecraft:shield":1,"minecraft:wheat_seeds":4,"minecraft:iron_chestplate":1,"minecraft:cooked_porkchop":64,"minecraft:iron_helmet":1,"minecraft:iron_leggings":1,"minecraft:iron_boots":1,"minecraft:iron_axe":1,"minecraft:stone_pickaxe":11,"minecraft:iron_pickaxe":1,"minecraft:cooked_mutton":64,"minecraft:white_bed":1},"minecraft:used":{"minecraft:cooked_mutton":3,"minecraft:iron_pickaxe":3,"minecraft:shield":1,"minecraft:iron_sword":5,"minecraft:white_bed":1},"minecraft:picked_up":{"chococraft:loverly_gysahl_green":5,"minecraft:ominous_bottle":1,"minecraft:enchanted_book":1,"chococraft:gysahl_green_seeds":29,"minecraft:white_bed":1,"minecraft:white_banner":1,"chococraft:gysahl_green":82,"chococraft:gold_gysahl":1,"minecraft:wheat_seeds":4,"minecraft:sugar_cane":14,"minecraft:coal":3}},"DataVersion":3953}