{"stats":{"minecraft:custom":{"minecraft:mob_kills":26,"minecraft:interact_with_crafting_table":11,"minecraft:leave_game":19,"minecraft:time_since_death":57061,"minecraft:climb_one_cm":191,"minecraft:sprint_one_cm":133460,"minecraft:walk_one_cm":154625,"minecraft:damage_blocked_by_shield":203,"minecraft:drop":33,"minecraft:talked_to_villager":5,"minecraft:play_time":196535,"minecraft:deaths":5,"minecraft:sneak_time":7087,"minecraft:walk_under_water_one_cm":40711,"minecraft:jump":1221,"minecraft:walk_on_water_one_cm":23453,"minecraft:total_world_time":196535,"minecraft:interact_with_furnace":11,"minecraft:sleep_in_bed":4,"minecraft:time_since_rest":57090,"minecraft:damage_taken":2387,"minecraft:damage_absorbed":10,"minecraft:damage_dealt":3958,"minecraft:swim_one_cm":34298,"minecraft:fly_one_cm":328618,"minecraft:open_chest":9,"minecraft:crouch_one_cm":14645,"minecraft:interact_with_smoker":7,"minecraft:fall_one_cm":37630},"minecraft:crafted":{"minecraft:oak_door":3,"minecraft:oak_planks":56,"minecraft:furnace":3,"minecraft:iron_boots":1,"minecraft:stone_pickaxe":2,"minecraft:smoker":1,"minecraft:cooked_beef":11,"minecraft:crafting_table":1,"minecraft:iron_helmet":1,"minecraft:bucket":1,"minecraft:stone_axe":1,"minecraft:air":0,"minecraft:iron_chestplate":1,"minecraft:shield":1,"minecraft:stick":8,"minecraft:iron_ingot":33,"minecraft:iron_pickaxe":1,"minecraft:stone_sword":1,"minecraft:iron_leggings":1},"minecraft:killed_by":{"minecraft:zombie":1},"minecraft:dropped":{"minecraft:water_bucket":1,"minecraft:iron_sword":2,"minecraft:moss_block":1,"minecraft:porkchop":10,"minecraft:wheat_seeds":4,"minecraft:cooked_beef":2,"minecraft:iron_helmet":2,"minecraft:spruce_fence_gate":1,"minecraft:dirt":4,"minecraft:iron_leggings":3,"minecraft:iron_pickaxe":2,"minecraft:bone":2,"minecraft:furnace":1,"minecraft:moss_carpet":1,"minecraft:oak_planks":3,"minecraft:iron_boots":2,"minecraft:flint_and_steel":1,"minecraft:shield":2,"minecraft:iron_chestplate":2,"minecraft:wooden_pickaxe":1,"minecraft:stone_pickaxe":1},"minecraft:broken":{"minecraft:stone_pickaxe":1},"minecraft:killed":{"minecraft:skeleton":4,"minecraft:pig":4,"minecraft:zombie":12,"minecraft:cow":4},"minecraft:mined":{"minecraft:dark_oak_leaves":1,"minecraft:deepslate_diamond_ore":13,"minecraft:oak_door":2,"minecraft:grass_block":3,"minecraft:moss_block":1,"minecraft:furnace":2,"minecraft:iron_ore":33,"minecraft:fire":2,"minecraft:moss_carpet":1,"minecraft:gold_block":1,"minecraft:deepslate_iron_ore":2,"minecraft:stone":26,"minecraft:deepslate_redstone_ore":1,"minecraft:smoker":1,"minecraft:powder_snow":1,"minecraft:crafting_table":4,"minecraft:short_grass":5,"minecraft:tall_grass":1,"minecraft:oak_planks":2,"minecraft:birch_log":2,"minecraft:birch_leaves":2,"minecraft:yellow_bed":3,"minecraft:oak_log":36,"minecraft:coal_ore":103,"minecraft:gravel":1,"minecraft:dirt":1,"minecraft:small_dripleaf":1,"minecraft:oak_leaves":3,"minecraft:deepslate":10},"minecraft:used":{"minecraft:stone_sword":23,"minecraft:flint_and_steel":175,"minecraft:chest":4,"minecraft:spruce_planks":402,"minecraft:shield":6,"minecraft:iron_sword":41,"minecraft:oak_door":4,"minecraft:torch":10,"minecraft:dirt":15,"minecraft:spruce_fence":150,"minecraft:axolotl_bucket":1,"minecraft:stripped_spruce_log":229,"minecraft:grass_block":152,"minecraft:iron_axe":3,"minecraft:furnace":3,"minecraft:goat_horn":2,"minecraft:oak_sapling":1,"minecraft:cooked_beef":16,"minecraft:cobbled_deepslate":6,"minecraft:water_bucket":1,"minecraft:stone_pickaxe":162,"minecraft:oak_planks":35,"minecraft:wooden_pickaxe":3,"minecraft:spruce_fence_gate":2,"minecraft:golden_apple":1,"minecraft:crafting_table":4,"minecraft:spruce_log":97,"minecraft:smoker":1,"minecraft:iron_pickaxe":28,"minecraft:gravel":1,"minecraft:stone_axe":46,"minecraft:fire_charge":1,"minecraft:cobblestone":16,"minecraft:birch_log":2,"minecraft:bucket":3,"minecraft:yellow_bed":8},"minecraft:picked_up":{"minecraft:iron_chestplate":6,"minecraft:crafting_table":8,"minecraft:wooden_pickaxe":1,"minecraft:gold_block":6,"minecraft:shield":6,"minecraft:moss_carpet":1,"minecraft:iron_axe":1,"minecraft:flint_and_steel":3,"minecraft:iron_leggings":8,"minecraft:cobbled_deepslate":20,"minecraft:spruce_planks":2,"minecraft:beef":49,"minecraft:iron_pickaxe":6,"minecraft:furnace":7,"minecraft:iron_boots":6,"minecraft:stick":1,"minecraft:raw_iron":35,"minecraft:oak_door":2,"minecraft:torch":2,"minecraft:spruce_fence":2,"minecraft:fire_charge":1,"minecraft:porkchop":10,"minecraft:redstone":5,"minecraft:goat_horn":2,"minecraft:stone_sword":2,"minecraft:arrow":9,"minecraft:rotten_flesh":18,"minecraft:saddle":2,"minecraft:obsidian":1,"minecraft:cobblestone":90,"minecraft:birch_log":2,"minecraft:clock":1,"minecraft:cooked_beef":270,"minecraft:golden_carrot":10,"minecraft:water_bucket":1,"minecraft:leather":15,"minecraft:smoker":5,"minecraft:oak_log":120,"minecraft:yellow_bed":7,"minecraft:dirt":19,"minecraft:bone":11,"minecraft:wheat_seeds":4,"minecraft:iron_ingot":8,"minecraft:moss_block":1,"minecraft:oak_planks":11,"minecraft:iron_sword":3,"minecraft:axolotl_bucket":4,"minecraft:gravel":1,"minecraft:stripped_spruce_log":2,"minecraft:spruce_log":2,"minecraft:spruce_fence_gate":3,"minecraft:diamond":13,"minecraft:stone_axe":3,"minecraft:iron_helmet":6,"minecraft:golden_apple":2,"minecraft:golden_horse_armor":2,"minecraft:oak_sapling":1,"minecraft:coal":515}},"DataVersion":3953}