{"stats":{"minecraft:picked_up":{"minecraft:cocoa_beans":6,"minecraft:coarse_dirt":1,"minecraft:crafting_table":12,"minecraft:chicken":1,"minecraft:clay_ball":68,"minecraft:string":4,"minecraft:moss_carpet":3,"minecraft:raw_copper":7,"minecraft:pufferfish":6,"minecraft:cobbled_deepslate":463,"minecraft:beef":19,"minecraft:rose_bush":1,"minecraft:calcite":32,"minecraft:azalea":10,"minecraft:poppy":3,"minecraft:sugar_cane":42,"minecraft:furnace":7,"minecraft:egg":2,"minecraft:raw_iron":22,"minecraft:big_dripleaf":6,"minecraft:torch":22,"minecraft:porkchop":12,"minecraft:redstone":4,"minecraft:arrow":10,"minecraft:rotten_flesh":10,"minecraft:tropical_fish":2,"minecraft:glow_berries":1,"minecraft:mutton":9,"minecraft:cod":19,"minecraft:white_wool":5,"minecraft:cobblestone":140,"minecraft:jungle_boat":3,"minecraft:tripwire_hook":1,"minecraft:jungle_log":11,"minecraft:salmon":7,"minecraft:leather":9,"minecraft:flint":1,"minecraft:tuff":41,"minecraft:oak_log":12,"minecraft:lily_pad":1,"minecraft:lapis_lazuli":34,"minecraft:dirt":21,"minecraft:name_tag":1,"minecraft:leather_boots":1,"minecraft:bone":11,"chococraft:gysahl_green":5,"minecraft:bow":1,"minecraft:orange_tulip":1,"minecraft:wheat_seeds":24,"minecraft:raw_gold":6,"minecraft:moss_block":6,"minecraft:flowering_azalea":3,"minecraft:smooth_basalt":7,"minecraft:dandelion":1,"minecraft:gravel":9,"minecraft:white_bed":3,"minecraft:spider_eye":4,"minecraft:diamond":10,"minecraft:black_wool":1,"minecraft:coal":92},"minecraft:broken":{"minecraft:iron_pickaxe":3},"minecraft:crafted":{"minecraft:oak_planks":48,"minecraft:fishing_rod":1,"minecraft:furnace":1,"minecraft:cooked_mutton":9,"minecraft:flint_and_steel":1,"minecraft:stone_pickaxe":1,"minecraft:chest":3,"minecraft:diamond_sword":2,"minecraft:cooked_porkchop":6,"minecraft:crafting_table":3,"minecraft:jungle_boat":1,"minecraft:wooden_pickaxe":1,"minecraft:iron_sword":1,"minecraft:stone_axe":1,"minecraft:air":0,"minecraft:jungle_planks":44,"minecraft:iron_chestplate":1,"minecraft:diamond_pickaxe":1,"minecraft:shield":1,"minecraft:stick":44,"minecraft:iron_ingot":22,"minecraft:iron_pickaxe":3,"minecraft:white_bed":1,"minecraft:torch":68},"minecraft:dropped":{"minecraft:moss_block":6,"minecraft:wheat_seeds":23,"minecraft:glow_berries":1,"minecraft:torch":1,"minecraft:flowering_azalea":3,"minecraft:string":1,"minecraft:dandelion":1,"minecraft:gravel":9,"minecraft:moss_carpet":3,"minecraft:coarse_dirt":1,"minecraft:raw_copper":7,"minecraft:cocoa_beans":6,"minecraft:tuff":15,"minecraft:rotten_flesh":10,"minecraft:clay_ball":68,"minecraft:big_dripleaf":6,"minecraft:poppy":1,"minecraft:azalea":10,"minecraft:spider_eye":4,"minecraft:wooden_pickaxe":1,"minecraft:black_wool":1},"minecraft:killed_by":{"minecraft:enderman":1},"minecraft:mined":{"minecraft:tuff":41,"minecraft:white_bed":3,"minecraft:deepslate_diamond_ore":10,"minecraft:jungle_leaves":2,"minecraft:cave_vines_plant":1,"minecraft:grass_block":3,"minecraft:jungle_log":14,"minecraft:moss_block":6,"minecraft:furnace":7,"minecraft:iron_ore":22,"minecraft:moss_carpet":1,"minecraft:deepslate_lapis_ore":6,"minecraft:big_dripleaf_stem":1,"minecraft:vine":14,"minecraft:azalea":5,"minecraft:stone":137,"minecraft:deepslate_redstone_ore":1,"minecraft:flowering_azalea":3,"minecraft:dandelion":1,"minecraft:crafting_table":13,"minecraft:clay":21,"minecraft:torch":20,"minecraft:short_grass":77,"minecraft:calcite":33,"minecraft:poppy":3,"minecraft:rose_bush":1,"minecraft:tall_grass":3,"minecraft:copper_ore":2,"minecraft:cobblestone":4,"minecraft:sugar_cane":18,"minecraft:wall_torch":1,"minecraft:coarse_dirt":2,"minecraft:orange_tulip":1,"minecraft:coal_ore":72,"minecraft:oak_log":12,"minecraft:cocoa":1,"minecraft:gravel":10,"minecraft:dirt":19,"minecraft:smooth_basalt":9,"minecraft:gold_ore":6,"minecraft:oak_leaves":1,"minecraft:deepslate":528,"minecraft:fern":25},"minecraft:killed":{"minecraft:spider":4,"minecraft:skeleton":7,"minecraft:chicken":1,"minecraft:pig":6,"minecraft:sheep":6,"minecraft:zombie":5,"minecraft:cow":10},"minecraft:custom":{"minecraft:mob_kills":41,"minecraft:interact_with_crafting_table":34,"minecraft:bell_ring":16,"minecraft:leave_game":1,"minecraft:time_since_death":112302,"minecraft:climb_one_cm":2647,"minecraft:sprint_one_cm":223874,"minecraft:walk_one_cm":245637,"minecraft:damage_blocked_by_shield":600,"minecraft:drop":52,"minecraft:talked_to_villager":1,"minecraft:play_time":140694,"minecraft:deaths":1,"minecraft:sneak_time":7332,"minecraft:walk_under_water_one_cm":5132,"minecraft:boat_one_cm":268127,"minecraft:jump":1649,"minecraft:walk_on_water_one_cm":30944,"minecraft:total_world_time":140694,"minecraft:interact_with_furnace":39,"minecraft:sleep_in_bed":5,"minecraft:time_since_rest":9751,"minecraft:damage_taken":1218,"minecraft:damage_dealt":5158,"minecraft:swim_one_cm":13592,"minecraft:fly_one_cm":209661,"minecraft:open_chest":44,"minecraft:crouch_one_cm":15791,"minecraft:fish_caught":34,"minecraft:fall_one_cm":25960},"minecraft:used":{"minecraft:chest":3,"minecraft:shield":16,"minecraft:iron_sword":68,"minecraft:torch":70,"minecraft:dirt":18,"minecraft:bow":1,"minecraft:furnace":7,"minecraft:egg":1,"minecraft:cobbled_deepslate":23,"minecraft:calcite":1,"minecraft:cooked_mutton":9,"minecraft:stone_pickaxe":115,"minecraft:wooden_pickaxe":15,"minecraft:jungle_boat":4,"minecraft:crafting_table":14,"minecraft:white_bed":4,"minecraft:iron_pickaxe":750,"minecraft:stone_axe":75,"minecraft:diamond_sword":50,"minecraft:fishing_rod":52,"minecraft:cobblestone":120,"minecraft:cooked_porkchop":6}},"DataVersion":3953}