{"stats":{"minecraft:mined":{"minecraft:white_bed":4,"minecraft:tnt":4,"minecraft:short_grass":4,"chococraft:gysahl_green":50,"minecraft:smooth_sandstone_stairs":2,"minecraft:spruce_leaves":2,"minecraft:green_bed":1,"minecraft:smooth_sandstone_slab":1,"minecraft:sandstone":2,"minecraft:sandstone_stairs":2,"minecraft:fern":2},"minecraft:custom":{"minecraft:time_since_rest":11765,"minecraft:sprint_one_cm":139136,"minecraft:damage_taken":476,"minecraft:walk_one_cm":118506,"minecraft:mob_kills":2,"minecraft:drop":17,"minecraft:damage_dealt":463,"minecraft:swim_one_cm":95,"minecraft:fly_one_cm":429538,"minecraft:open_chest":5,"minecraft:crouch_one_cm":723,"minecraft:play_time":63382,"minecraft:sneak_time":153,"minecraft:walk_under_water_one_cm":237,"minecraft:leave_game":1,"minecraft:jump":1700,"minecraft:time_since_death":63382,"minecraft:walk_on_water_one_cm":7618,"minecraft:sleep_in_bed":2,"minecraft:climb_one_cm":3211,"minecraft:total_world_time":63382,"minecraft:fall_one_cm":55004},"minecraft:killed":{"minecraft:spider":1,"chococraft:chocobo":1},"minecraft:dropped":{"minecraft:goat_horn":1,"minecraft:wheat_seeds":2,"minecraft:clock":1,"minecraft:dune_armor_trim_smithing_template":2,"chococraft:chocobo_feather":2,"chococraft:chocobo_drumstick_raw":2,"minecraft:sandstone_stairs":2,"minecraft:oak_boat":2,"minecraft:smooth_sandstone_slab":1,"chococraft:gysahl_green_seeds":46,"minecraft:white_bed":1,"minecraft:tripwire_hook":3,"minecraft:golden_apple":1,"minecraft:egg":1},"minecraft:used":{"minecraft:water_bucket":2,"minecraft:iron_axe":2,"minecraft:stone_pickaxe":7,"minecraft:iron_sword":28,"minecraft:sand":1,"minecraft:tnt":4,"minecraft:goat_horn":4,"minecraft:cooked_porkchop":11,"minecraft:bucket":2,"minecraft:white_bed":4,"minecraft:experience_bottle":2},"minecraft:picked_up":{"minecraft:iron_chestplate":1,"chococraft:loverly_gysahl_green":2,"minecraft:sandstone":2,"minecraft:clock":1,"minecraft:cooked_porkchop":64,"minecraft:water_bucket":1,"minecraft:green_bed":1,"minecraft:sand":1,"minecraft:smooth_sandstone_stairs":2,"chococraft:chocobo_saddle":2,"chococraft:gysahl_green_seeds":46,"minecraft:shield":1,"minecraft:white_bed":5,"minecraft:goat_horn":1,"minecraft:smooth_sandstone_slab":1,"minecraft:iron_axe":1,"minecraft:tnt":4,"minecraft:iron_leggings":1,"minecraft:cooked_mutton":64,"chococraft:chocobo_feather":6,"chococraft:gysahl_green":126,"chococraft:gold_gysahl":2,"minecraft:wheat_seeds":2,"minecraft:iron_helmet":1,"minecraft:oak_boat":2,"minecraft:sandstone_stairs":2,"minecraft:stone_pickaxe":11,"minecraft:iron_pickaxe":1,"chococraft:chocobo_drumstick_raw":2,"minecraft:iron_sword":1,"minecraft:iron_boots":1,"minecraft:egg":1}},"DataVersion":3953}