{"stats":{"minecraft:mined":{"minecraft:cut_sandstone":12,"minecraft:red_bed":5,"minecraft:orange_terracotta":8,"minecraft:dark_oak_log":5,"minecraft:crafting_table":3,"minecraft:torch":1,"minecraft:dark_oak_fence":5,"minecraft:short_grass":13,"minecraft:acacia_log":46,"minecraft:grass_block":9,"minecraft:cobblestone":1,"minecraft:sandstone":19,"minecraft:wall_torch":9,"minecraft:purple_bed":1,"minecraft:furnace":4,"minecraft:iron_ore":7,"minecraft:chiseled_sandstone":2,"minecraft:tnt":9,"minecraft:yellow_bed":4,"minecraft:coal_ore":84,"minecraft:oak_log":56,"minecraft:sand":79,"minecraft:dirt":9,"minecraft:terracotta":2,"minecraft:stone":104,"minecraft:oak_leaves":8},"minecraft:custom":{"minecraft:interact_with_furnace":25,"minecraft:mob_kills":32,"minecraft:interact_with_crafting_table":12,"minecraft:leave_game":1,"minecraft:time_since_death":109413,"minecraft:sleep_in_bed":8,"minecraft:climb_one_cm":2002,"minecraft:time_since_rest":986,"minecraft:sprint_one_cm":418578,"minecraft:damage_taken":2067,"minecraft:walk_one_cm":339674,"minecraft:drop":64,"minecraft:damage_dealt":3446,"minecraft:swim_one_cm":197817,"minecraft:fly_one_cm":861072,"minecraft:open_chest":40,"minecraft:play_time":148274,"minecraft:deaths":1,"minecraft:sneak_time":492,"minecraft:walk_under_water_one_cm":19445,"minecraft:jump":4046,"minecraft:walk_on_water_one_cm":62736,"minecraft:total_world_time":148274,"minecraft:fall_one_cm":95696},"minecraft:crafted":{"minecraft:oak_planks":64,"minecraft:stone_shovel":2,"minecraft:cooked_porkchop":19,"minecraft:leather_boots":1,"minecraft:crafting_table":2,"minecraft:wooden_pickaxe":3,"minecraft:furnace":1,"minecraft:stone_axe":3,"minecraft:cooked_mutton":2,"minecraft:air":0,"minecraft:stick":28,"minecraft:iron_ingot":3,"minecraft:iron_pickaxe":1,"minecraft:stone_pickaxe":3,"minecraft:stone_sword":2},"minecraft:broken":{"minecraft:wooden_pickaxe":1},"minecraft:used":{"minecraft:cooked_mutton":8,"minecraft:stone_sword":103,"minecraft:flint_and_steel":2,"minecraft:stone_shovel":69,"minecraft:stone_pickaxe":176,"minecraft:wooden_pickaxe":82,"minecraft:iron_sword":2,"minecraft:sandstone":1,"minecraft:cut_sandstone":12,"minecraft:white_wool":2,"minecraft:torch":1,"minecraft:dirt":9,"minecraft:sand":1,"minecraft:crafting_table":4,"minecraft:red_bed":4,"minecraft:carrot":1,"minecraft:obsidian":4,"minecraft:bread":25,"minecraft:stone_axe":101,"minecraft:cobblestone":1,"minecraft:beef":9,"minecraft:purple_bed":1,"minecraft:oak_sapling":3,"minecraft:furnace":3,"minecraft:cooked_porkchop":10,"minecraft:dark_oak_fence":2,"minecraft:yellow_bed":3,"minecraft:potato":9,"minecraft:orange_terracotta":7,"minecraft:experience_bottle":1},"minecraft:picked_up":{"minecraft:crafting_table":3,"minecraft:cut_sandstone":21,"minecraft:leather":14,"minecraft:oak_log":56,"minecraft:yellow_bed":4,"minecraft:lapis_lazuli":7,"minecraft:dirt":9,"minecraft:red_bed":4,"minecraft:orange_terracotta":7,"minecraft:cooked_mutton":6,"minecraft:bone":2,"minecraft:iron_ingot":3,"minecraft:beef":17,"minecraft:oak_planks":9,"minecraft:furnace":4,"minecraft:golden_helmet":1,"minecraft:raw_iron":8,"minecraft:sandstone":26,"minecraft:acacia_log":43,"minecraft:torch":9,"minecraft:dandelion":2,"minecraft:sand":77,"minecraft:porkchop":31,"minecraft:golden_chestplate":1,"minecraft:carrot":1,"minecraft:dark_oak_log":2,"minecraft:stone_pressure_plate":1,"minecraft:tnt":9,"minecraft:purple_bed":1,"minecraft:arrow":1,"minecraft:rotten_flesh":18,"minecraft:golden_horse_armor":1,"minecraft:saddle":2,"minecraft:bread":1,"minecraft:terracotta":2,"minecraft:oak_sapling":3,"minecraft:dark_oak_fence":2,"minecraft:coal":162,"minecraft:mutton":8,"minecraft:white_wool":7,"minecraft:cobblestone":121},"minecraft:dropped":{"minecraft:bread":1,"minecraft:furnace":1,"minecraft:goat_horn":1,"minecraft:lapis_lazuli":9,"minecraft:golden_helmet":1,"minecraft:golden_chestplate":1,"minecraft:golden_horse_armor":1,"minecraft:raw_iron":2,"minecraft:cobblestone":50,"minecraft:rotten_flesh":18,"minecraft:oak_planks":18,"minecraft:leather":10,"minecraft:saddle":3,"minecraft:flint_and_steel":1,"minecraft:golden_apple":1,"minecraft:stick":2,"minecraft:dark_oak_log":2,"minecraft:yellow_bed":1,"minecraft:cut_sandstone":9,"minecraft:leather_boots":1,"minecraft:iron_leggings":1,"minecraft:leather_leggings":1,"minecraft:stone_pressure_plate":1,"minecraft:sand":2,"minecraft:sandstone":25,"minecraft:arrow":1,"minecraft:wooden_pickaxe":1},"minecraft:killed":{"minecraft:pig":12,"minecraft:sheep":7,"minecraft:zombie":2,"minecraft:cow":8}},"DataVersion":3953}