{"stats":{"minecraft:used":{"minecraft:stone_sword":103,"minecraft:flint_and_steel":2,"minecraft:stone_shovel":69,"minecraft:iron_sword":85,"minecraft:torch":6,"minecraft:dirt":9,"minecraft:spruce_stairs":1,"minecraft:carrot":1,"minecraft:oak_wood":2,"minecraft:obsidian":4,"minecraft:beef":9,"minecraft:furnace":3,"minecraft:oak_sapling":3,"minecraft:potato":9,"minecraft:orange_terracotta":7,"minecraft:golden_axe":33,"minecraft:cooked_mutton":8,"minecraft:stone_pickaxe":229,"minecraft:wooden_pickaxe":82,"minecraft:sandstone":1,"minecraft:cut_sandstone":12,"minecraft:blue_bed":2,"minecraft:white_wool":2,"minecraft:sand":1,"minecraft:crafting_table":5,"minecraft:red_bed":4,"minecraft:oak_log":9,"minecraft:bread":38,"minecraft:iron_pickaxe":6,"minecraft:stone_axe":177,"minecraft:cobblestone":1,"minecraft:purple_bed":1,"minecraft:cooked_porkchop":10,"minecraft:dark_oak_fence":2,"minecraft:yellow_bed":3,"minecraft:experience_bottle":1},"minecraft:dropped":{"minecraft:bread":1,"minecraft:lapis_lazuli":9,"minecraft:golden_helmet":2,"minecraft:golden_horse_armor":2,"minecraft:cobblestone":50,"minecraft:leather":14,"minecraft:saddle":3,"minecraft:spruce_stairs":2,"minecraft:golden_apple":1,"minecraft:stick":8,"minecraft:gold_block":2,"minecraft:dark_oak_log":2,"minecraft:golden_carrot":5,"minecraft:cut_sandstone":9,"minecraft:fire_charge":1,"minecraft:iron_leggings":1,"minecraft:gold_nugget":10,"minecraft:sand":2,"minecraft:white_wool":1,"minecraft:furnace":1,"minecraft:goat_horn":1,"minecraft:iron_nugget":1,"minecraft:golden_chestplate":1,"minecraft:raw_iron":2,"minecraft:rotten_flesh":18,"minecraft:light_gray_wool":2,"minecraft:oak_planks":18,"minecraft:flint_and_steel":1,"minecraft:oak_wood":2,"minecraft:yellow_bed":1,"minecraft:leather_boots":1,"minecraft:leather_leggings":1,"minecraft:stone_pressure_plate":1,"minecraft:spruce_log":7,"minecraft:sandstone":25,"minecraft:arrow":1,"minecraft:beef":19,"minecraft:wooden_pickaxe":1},"minecraft:mined":{"minecraft:spruce_planks":5,"minecraft:dark_oak_log":5,"minecraft:dark_oak_fence":5,"minecraft:acacia_log":46,"minecraft:grass_block":9,"minecraft:sandstone":19,"minecraft:large_fern":1,"minecraft:furnace":4,"minecraft:iron_ore":7,"minecraft:chiseled_sandstone":2,"minecraft:gold_block":2,"minecraft:iron_bars":2,"minecraft:stone":109,"minecraft:cut_sandstone":12,"minecraft:red_bed":5,"minecraft:orange_terracotta":8,"minecraft:crafting_table":3,"minecraft:torch":6,"minecraft:short_grass":27,"minecraft:tall_grass":1,"minecraft:cobblestone":1,"minecraft:wall_torch":13,"minecraft:blue_bed":3,"minecraft:spruce_stairs":3,"minecraft:purple_bed":1,"minecraft:spruce_log":72,"minecraft:tnt":9,"minecraft:yellow_bed":4,"minecraft:stone_brick_stairs":1,"minecraft:coal_ore":132,"minecraft:oak_log":89,"minecraft:dirt":9,"minecraft:sand":80,"minecraft:terracotta":2,"minecraft:stone_bricks":1,"minecraft:oak_leaves":9},"minecraft:killed":{"minecraft:spider":1,"minecraft:pig":21,"minecraft:sheep":19,"minecraft:zombie":2,"minecraft:cow":17},"minecraft:custom":{"minecraft:mob_kills":63,"minecraft:interact_with_crafting_table":15,"minecraft:leave_game":1,"minecraft:time_since_death":150179,"minecraft:climb_one_cm":2002,"minecraft:sprint_one_cm":484439,"minecraft:walk_one_cm":427906,"minecraft:drop":90,"minecraft:play_time":189040,"minecraft:deaths":1,"minecraft:sneak_time":660,"minecraft:walk_under_water_one_cm":26698,"minecraft:jump":4712,"minecraft:walk_on_water_one_cm":83556,"minecraft:total_world_time":189040,"minecraft:interact_with_furnace":25,"minecraft:sleep_in_bed":11,"minecraft:time_since_rest":15442,"minecraft:damage_taken":2530,"minecraft:damage_dealt":6326,"minecraft:swim_one_cm":223744,"minecraft:fly_one_cm":984329,"minecraft:open_chest":49,"minecraft:fall_one_cm":110390},"minecraft:crafted":{"minecraft:oak_planks":68,"minecraft:stone_shovel":2,"minecraft:leather_boots":1,"minecraft:furnace":1,"minecraft:cooked_mutton":2,"minecraft:stone_pickaxe":3,"minecraft:cooked_porkchop":19,"minecraft:crafting_table":3,"minecraft:wooden_pickaxe":3,"minecraft:oak_wood":3,"minecraft:stone_axe":3,"minecraft:air":0,"minecraft:stick":36,"minecraft:iron_ingot":10,"minecraft:iron_pickaxe":2,"minecraft:stone_sword":2,"minecraft:acacia_planks":4},"minecraft:picked_up":{"minecraft:crafting_table":3,"minecraft:gold_block":2,"minecraft:red_bed":4,"minecraft:spruce_planks":5,"minecraft:beef":33,"minecraft:light_gray_wool":2,"minecraft:furnace":4,"minecraft:golden_helmet":1,"minecraft:raw_iron":8,"minecraft:sandstone":26,"minecraft:torch":18,"minecraft:acacia_log":43,"minecraft:spruce_stairs":3,"minecraft:porkchop":47,"minecraft:carrot":1,"minecraft:golden_chestplate":1,"minecraft:stone_pressure_plate":1,"minecraft:tnt":9,"minecraft:arrow":1,"minecraft:rotten_flesh":18,"minecraft:saddle":2,"minecraft:mutton":28,"minecraft:white_wool":8,"minecraft:cobblestone":121,"minecraft:leather":22,"minecraft:cut_sandstone":21,"minecraft:oak_log":89,"minecraft:yellow_bed":4,"minecraft:lapis_lazuli":7,"minecraft:dirt":9,"minecraft:blue_bed":3,"minecraft:orange_terracotta":7,"minecraft:cooked_mutton":6,"minecraft:bone":2,"minecraft:iron_ingot":3,"minecraft:oak_planks":9,"minecraft:dandelion":2,"minecraft:sand":78,"minecraft:spruce_log":71,"minecraft:dark_oak_log":2,"minecraft:oak_wood":2,"minecraft:purple_bed":1,"minecraft:golden_horse_armor":1,"minecraft:bread":1,"minecraft:terracotta":2,"minecraft:oak_sapling":3,"minecraft:dark_oak_fence":2,"minecraft:coal":209},"minecraft:broken":{"minecraft:wooden_pickaxe":1,"minecraft:golden_axe":1,"minecraft:stone_axe":1}},"DataVersion":3953}