{"stats":{"minecraft:used":{"minecraft:cooked_mutton":8,"minecraft:stone_sword":103,"minecraft:flint_and_steel":2,"minecraft:stone_pickaxe":176,"minecraft:stone_shovel":69,"minecraft:wooden_pickaxe":82,"minecraft:sandstone":1,"minecraft:cut_sandstone":12,"minecraft:iron_sword":39,"minecraft:blue_bed":1,"minecraft:white_wool":2,"minecraft:torch":1,"minecraft:dirt":9,"minecraft:sand":1,"minecraft:crafting_table":4,"minecraft:red_bed":4,"minecraft:carrot":1,"minecraft:obsidian":4,"minecraft:bread":28,"minecraft:stone_axe":177,"minecraft:cobblestone":1,"minecraft:beef":9,"minecraft:purple_bed":1,"minecraft:oak_sapling":3,"minecraft:furnace":3,"minecraft:cooked_porkchop":10,"minecraft:dark_oak_fence":2,"minecraft:yellow_bed":3,"minecraft:golden_axe":33,"minecraft:potato":9,"minecraft:orange_terracotta":7,"minecraft:experience_bottle":1},"minecraft:dropped":{"minecraft:bread":1,"minecraft:furnace":1,"minecraft:goat_horn":1,"minecraft:lapis_lazuli":9,"minecraft:golden_helmet":1,"minecraft:golden_chestplate":1,"minecraft:golden_horse_armor":1,"minecraft:raw_iron":2,"minecraft:light_gray_wool":2,"minecraft:cobblestone":50,"minecraft:rotten_flesh":18,"minecraft:oak_planks":18,"minecraft:leather":14,"minecraft:saddle":3,"minecraft:spruce_stairs":1,"minecraft:golden_apple":1,"minecraft:flint_and_steel":1,"minecraft:stick":2,"minecraft:dark_oak_log":2,"minecraft:yellow_bed":1,"minecraft:leather_boots":1,"minecraft:cut_sandstone":9,"minecraft:leather_leggings":1,"minecraft:iron_leggings":1,"minecraft:stone_pressure_plate":1,"minecraft:spruce_log":7,"minecraft:sandstone":25,"minecraft:sand":2,"minecraft:arrow":1,"minecraft:wooden_pickaxe":1},"minecraft:mined":{"minecraft:cut_sandstone":12,"minecraft:spruce_planks":3,"minecraft:red_bed":5,"minecraft:dark_oak_log":5,"minecraft:orange_terracotta":8,"minecraft:crafting_table":3,"minecraft:torch":6,"minecraft:short_grass":19,"minecraft:dark_oak_fence":5,"minecraft:acacia_log":46,"minecraft:grass_block":9,"minecraft:cobblestone":1,"minecraft:blue_bed":2,"minecraft:sandstone":19,"minecraft:wall_torch":13,"minecraft:large_fern":1,"minecraft:spruce_stairs":1,"minecraft:purple_bed":1,"minecraft:furnace":4,"minecraft:iron_ore":7,"minecraft:chiseled_sandstone":2,"minecraft:spruce_log":72,"minecraft:tnt":9,"minecraft:yellow_bed":4,"minecraft:oak_log":89,"minecraft:coal_ore":84,"minecraft:sand":79,"minecraft:dirt":9,"minecraft:terracotta":2,"minecraft:stone":104,"minecraft:oak_leaves":9},"minecraft:killed":{"minecraft:pig":20,"minecraft:sheep":11,"minecraft:zombie":2,"minecraft:cow":11},"minecraft:crafted":{"minecraft:oak_planks":64,"minecraft:stone_shovel":2,"minecraft:cooked_porkchop":19,"minecraft:leather_boots":1,"minecraft:crafting_table":2,"minecraft:wooden_pickaxe":3,"minecraft:furnace":1,"minecraft:stone_axe":3,"minecraft:cooked_mutton":2,"minecraft:air":0,"minecraft:stick":36,"minecraft:iron_ingot":3,"minecraft:stone_pickaxe":3,"minecraft:iron_pickaxe":1,"minecraft:stone_sword":2,"minecraft:acacia_planks":4},"minecraft:custom":{"minecraft:interact_with_furnace":25,"minecraft:mob_kills":47,"minecraft:interact_with_crafting_table":13,"minecraft:leave_game":1,"minecraft:time_since_death":126179,"minecraft:sleep_in_bed":10,"minecraft:climb_one_cm":2002,"minecraft:time_since_rest":3989,"minecraft:sprint_one_cm":463048,"minecraft:damage_taken":2087,"minecraft:walk_one_cm":383648,"minecraft:drop":77,"minecraft:damage_dealt":4826,"minecraft:swim_one_cm":209487,"minecraft:fly_one_cm":936987,"minecraft:open_chest":42,"minecraft:play_time":165040,"minecraft:deaths":1,"minecraft:sneak_time":545,"minecraft:walk_under_water_one_cm":20016,"minecraft:jump":4379,"minecraft:walk_on_water_one_cm":69695,"minecraft:total_world_time":165040,"minecraft:fall_one_cm":102055},"minecraft:picked_up":{"minecraft:crafting_table":3,"minecraft:cut_sandstone":21,"minecraft:leather":18,"minecraft:oak_log":89,"minecraft:yellow_bed":4,"minecraft:blue_bed":2,"minecraft:lapis_lazuli":7,"minecraft:dirt":9,"minecraft:red_bed":4,"minecraft:orange_terracotta":7,"minecraft:cooked_mutton":6,"minecraft:bone":2,"minecraft:spruce_planks":1,"minecraft:iron_ingot":3,"minecraft:beef":21,"minecraft:light_gray_wool":2,"minecraft:oak_planks":9,"minecraft:furnace":4,"minecraft:golden_helmet":1,"minecraft:raw_iron":8,"minecraft:sandstone":26,"minecraft:torch":18,"minecraft:acacia_log":43,"minecraft:dandelion":2,"minecraft:spruce_stairs":1,"minecraft:porkchop":44,"minecraft:sand":77,"minecraft:spruce_log":71,"minecraft:carrot":1,"minecraft:dark_oak_log":2,"minecraft:golden_chestplate":1,"minecraft:stone_pressure_plate":1,"minecraft:tnt":9,"minecraft:arrow":1,"minecraft:purple_bed":1,"minecraft:rotten_flesh":18,"minecraft:saddle":2,"minecraft:golden_horse_armor":1,"minecraft:bread":1,"minecraft:terracotta":2,"minecraft:oak_sapling":3,"minecraft:dark_oak_fence":2,"minecraft:mutton":14,"minecraft:coal":162,"minecraft:white_wool":7,"minecraft:cobblestone":121},"minecraft:broken":{"minecraft:golden_axe":1,"minecraft:stone_axe":1,"minecraft:wooden_pickaxe":1}},"DataVersion":3953}