{"stats":{"minecraft:mined":{"minecraft:white_bed":3,"minecraft:short_grass":4,"chococraft:gysahl_green":50,"minecraft:fern":1},"minecraft:custom":{"minecraft:time_since_rest":22073,"minecraft:sprint_one_cm":96635,"minecraft:damage_taken":414,"minecraft:walk_one_cm":64511,"minecraft:mob_kills":2,"minecraft:drop":4,"minecraft:damage_dealt":463,"minecraft:swim_one_cm":95,"minecraft:fly_one_cm":328736,"minecraft:crouch_one_cm":477,"minecraft:play_time":31809,"minecraft:sneak_time":97,"minecraft:walk_under_water_one_cm":237,"minecraft:jump":1276,"minecraft:time_since_death":31809,"minecraft:walk_on_water_one_cm":7020,"minecraft:sleep_in_bed":1,"minecraft:climb_one_cm":2232,"minecraft:total_world_time":31809,"minecraft:fall_one_cm":41681},"minecraft:killed":{"minecraft:spider":1,"chococraft:chocobo":1},"minecraft:dropped":{"minecraft:wheat_seeds":2,"chococraft:chocobo_feather":2,"minecraft:white_bed":1},"minecraft:used":{"minecraft:iron_axe":2,"minecraft:iron_sword":28,"minecraft:cooked_porkchop":9,"minecraft:white_bed":2},"minecraft:picked_up":{"minecraft:iron_chestplate":1,"chococraft:loverly_gysahl_green":2,"minecraft:cooked_porkchop":64,"minecraft:water_bucket":1,"chococraft:gysahl_green_seeds":46,"minecraft:shield":1,"minecraft:white_bed":4,"minecraft:iron_axe":1,"minecraft:iron_leggings":1,"minecraft:cooked_mutton":64,"chococraft:chocobo_feather":5,"chococraft:gysahl_green":126,"chococraft:gold_gysahl":2,"minecraft:wheat_seeds":2,"minecraft:iron_helmet":1,"minecraft:stone_pickaxe":11,"minecraft:iron_pickaxe":1,"chococraft:chocobo_drumstick_raw":1,"minecraft:iron_sword":1,"minecraft:iron_boots":1}},"DataVersion":3953}