{"stats":{"minecraft:mined":{"minecraft:white_bed":4,"minecraft:tnt":4,"minecraft:short_grass":4,"chococraft:gysahl_green":50,"minecraft:spruce_leaves":2,"minecraft:sandstone":2,"minecraft:sandstone_stairs":2,"minecraft:fern":2},"minecraft:custom":{"minecraft:time_since_rest":4192,"minecraft:sprint_one_cm":123935,"minecraft:damage_taken":414,"minecraft:walk_one_cm":93801,"minecraft:mob_kills":2,"minecraft:drop":6,"minecraft:damage_dealt":463,"minecraft:swim_one_cm":95,"minecraft:fly_one_cm":401155,"minecraft:open_chest":1,"minecraft:crouch_one_cm":562,"minecraft:play_time":55809,"minecraft:sneak_time":107,"minecraft:walk_under_water_one_cm":237,"minecraft:jump":1559,"minecraft:time_since_death":55809,"minecraft:walk_on_water_one_cm":7618,"minecraft:sleep_in_bed":2,"minecraft:climb_one_cm":2580,"minecraft:total_world_time":55809,"minecraft:fall_one_cm":50542},"minecraft:killed":{"minecraft:spider":1,"chococraft:chocobo":1},"minecraft:dropped":{"minecraft:wheat_seeds":2,"chococraft:chocobo_feather":2,"chococraft:gysahl_green_seeds":46,"minecraft:white_bed":1,"minecraft:egg":1},"minecraft:used":{"minecraft:water_bucket":1,"minecraft:iron_axe":2,"minecraft:stone_pickaxe":4,"minecraft:iron_sword":28,"minecraft:tnt":4,"minecraft:cooked_porkchop":10,"minecraft:bucket":1,"minecraft:white_bed":3},"minecraft:picked_up":{"minecraft:iron_chestplate":1,"chococraft:loverly_gysahl_green":2,"minecraft:sandstone":2,"minecraft:cooked_porkchop":64,"minecraft:water_bucket":1,"chococraft:chocobo_saddle":2,"chococraft:gysahl_green_seeds":46,"minecraft:shield":1,"minecraft:white_bed":5,"minecraft:iron_axe":1,"minecraft:tnt":4,"minecraft:iron_leggings":1,"minecraft:cooked_mutton":64,"chococraft:chocobo_feather":6,"chococraft:gysahl_green":126,"chococraft:gold_gysahl":2,"minecraft:wheat_seeds":2,"minecraft:iron_helmet":1,"minecraft:sandstone_stairs":2,"minecraft:stone_pickaxe":11,"minecraft:iron_pickaxe":1,"chococraft:chocobo_drumstick_raw":1,"minecraft:iron_sword":1,"minecraft:iron_boots":1,"minecraft:egg":1}},"DataVersion":3953}