{"stats":{"minecraft:mined":{"minecraft:white_bed":3,"minecraft:short_grass":4,"chococraft:gysahl_green":50,"minecraft:spruce_leaves":2,"minecraft:fern":2},"minecraft:custom":{"minecraft:time_since_rest":34073,"minecraft:sprint_one_cm":119588,"minecraft:damage_taken":414,"minecraft:walk_one_cm":74380,"minecraft:mob_kills":2,"minecraft:drop":5,"minecraft:damage_dealt":463,"minecraft:swim_one_cm":95,"minecraft:fly_one_cm":400799,"minecraft:crouch_one_cm":477,"minecraft:play_time":43809,"minecraft:sneak_time":97,"minecraft:walk_under_water_one_cm":237,"minecraft:jump":1544,"minecraft:time_since_death":43809,"minecraft:walk_on_water_one_cm":7618,"minecraft:sleep_in_bed":1,"minecraft:climb_one_cm":2580,"minecraft:total_world_time":43809,"minecraft:fall_one_cm":50004},"minecraft:killed":{"minecraft:spider":1,"chococraft:chocobo":1},"minecraft:dropped":{"minecraft:wheat_seeds":2,"chococraft:chocobo_feather":2,"chococraft:gysahl_green_seeds":46,"minecraft:white_bed":1},"minecraft:used":{"minecraft:water_bucket":1,"minecraft:iron_axe":2,"minecraft:iron_sword":28,"minecraft:cooked_porkchop":10,"minecraft:white_bed":2},"minecraft:picked_up":{"minecraft:iron_chestplate":1,"chococraft:loverly_gysahl_green":2,"minecraft:cooked_porkchop":64,"minecraft:water_bucket":1,"chococraft:chocobo_saddle":2,"chococraft:gysahl_green_seeds":46,"minecraft:shield":1,"minecraft:white_bed":4,"minecraft:iron_axe":1,"minecraft:iron_leggings":1,"minecraft:cooked_mutton":64,"chococraft:chocobo_feather":6,"chococraft:gysahl_green":126,"chococraft:gold_gysahl":2,"minecraft:wheat_seeds":2,"minecraft:iron_helmet":1,"minecraft:stone_pickaxe":11,"minecraft:iron_pickaxe":1,"chococraft:chocobo_drumstick_raw":1,"minecraft:iron_sword":1,"minecraft:iron_boots":1,"minecraft:egg":1}},"DataVersion":3953}