{"stats":{"minecraft:mined":{"chococraft:gysahl_green":5,"minecraft:white_bed":1},"minecraft:custom":{"minecraft:time_since_rest":4073,"minecraft:crouch_one_cm":477,"minecraft:play_time":13809,"minecraft:sprint_one_cm":34521,"minecraft:damage_taken":68,"minecraft:walk_one_cm":23105,"minecraft:sneak_time":97,"minecraft:jump":342,"minecraft:sleep_in_bed":1,"minecraft:walk_on_water_one_cm":5104,"minecraft:time_since_death":13809,"minecraft:total_world_time":13809,"minecraft:climb_one_cm":997,"minecraft:fall_one_cm":9669,"minecraft:fly_one_cm":86266},"minecraft:used":{"minecraft:iron_axe":2,"minecraft:cooked_porkchop":2,"minecraft:white_bed":1},"minecraft:picked_up":{"minecraft:iron_axe":1,"minecraft:iron_chestplate":1,"minecraft:iron_leggings":1,"minecraft:cooked_mutton":64,"minecraft:cooked_porkchop":64,"chococraft:gysahl_green":11,"minecraft:water_bucket":1,"minecraft:iron_helmet":1,"minecraft:stone_pickaxe":11,"chococraft:gysahl_green_seeds":4,"minecraft:iron_pickaxe":1,"minecraft:white_bed":2,"minecraft:shield":1,"minecraft:iron_sword":1,"minecraft:iron_boots":1}},"DataVersion":3953}